Age,Gender,Country,self_employed,family_history,treatment,work_interfere,no_employees,remote_work,tech_company,benefits,care_options,wellness_program,seek_help,anonymity,leave,mental_health_consequence,phys_health_consequence,coworkers,supervisor,mental_health_interview,phys_health_interview,mental_vs_physical,obs_consequence
46,male,United States,Yes,Yes,No,Sometimes,1-5,Yes,Yes,Yes,Not sure,Yes,Don't know,Yes,Very easy,No,No,Yes,Yes,No,Yes,Yes,Yes
36,Male,France,Yes,Yes,No,X,6-25,Yes,Yes,No,No,Yes,No,Yes,Somewhat easy,No,No,Some of them,Some of them,Maybe,Maybe,Don't know,No
31,male,United States,Yes,No,No,Never,1-5,Yes,Yes,No,No,No,No,Yes,Somewhat difficult,No,No,Some of them,Some of them,No,Maybe,Yes,No
46,Male,United States,No,No,Yes,Often,26-100,Yes,Yes,Yes,Yes,No,No,Don't know,Don't know,Maybe,No,Some of them,Yes,No,Maybe,No,No
35,Female,United States,No,Yes,Yes,Rarely,6-25,Yes,Yes,Yes,Yes,Don't know,Don't know,Don't know,Don't know,No,No,Yes,Yes,Maybe,Maybe,Yes,No
34,male,United States,No,No,Yes,Sometimes,26-100,Yes,Yes,Don't know,Not sure,No,Don't know,Don't know,Somewhat difficult,No,No,Some of them,No,No,No,No,No
32,Male,United Kingdom,No,No,No,Never,6-25,Yes,Yes,No,No,No,No,Don't know,Don't know,Yes,Yes,Some of them,Some of them,No,Maybe,No,No
31,Male,United States,Yes,Yes,No,Rarely,1-5,Yes,Yes,No,Yes,No,No,Don't know,Somewhat difficult,Yes,No,No,No,No,No,No,Yes
30,male,United Kingdom,No,Yes,Yes,Sometimes,500-1000,Yes,Yes,Don't know,No,No,No,Yes,Somewhat easy,Maybe,No,Some of them,Yes,No,Yes,Don't know,No
42,Male,United States,No,Yes,Yes,Sometimes,26-100,Yes,Yes,Yes,Yes,Yes,Yes,Yes,Very easy,Maybe,No,Some of them,Some of them,Maybe,Yes,Don't know,No
35,M,United States,No,No,Yes,Rarely,More than 1000,Yes,Yes,Yes,Yes,No,Yes,Yes,Very easy,No,No,Yes,Yes,Maybe,Maybe,Yes,No
35,Male,United States,No,No,No,X,More than 1000,Yes,Yes,Yes,Not sure,Don't know,Yes,Don't know,Somewhat difficult,Yes,Yes,Some of them,No,No,Maybe,Don't know,No
33,Male,United States,No,No,No,X,100-500,Yes,Yes,Don't know,Not sure,Don't know,Don't know,Don't know,Don't know,No,No,Some of them,Yes,Maybe,Maybe,Don't know,No
31,M,United States,No,No,No,X,100-500,Yes,Yes,Don't know,No,Don't know,Don't know,Don't know,Don't know,Maybe,Maybe,Some of them,Some of them,Maybe,Maybe,Don't know,No
32,Male,United States,No,No,No,Never,1-5,Yes,Yes,Don't know,Not sure,No,No,Don't know,Don't know,Maybe,No,Some of them,Yes,No,No,Don't know,No
32,maile,United States,No,Yes,No,X,6-25,Yes,Yes,Don't know,No,No,No,Don't know,Somewhat easy,No,No,Yes,Yes,No,No,Yes,No
24,Male,United States,No,Yes,Yes,Sometimes,26-100,Yes,Yes,Don't know,No,No,No,Don't know,Don't know,No,Maybe,Some of them,Yes,Yes,Yes,No,No
33,male,Canada,No,Yes,Yes,Often,6-25,Yes,Yes,Don't know,No,No,No,No,Somewhat difficult,Yes,No,No,No,No,Maybe,Don't know,No
26,Female,Poland,No,No,Yes,Sometimes,26-100,Yes,Yes,Don't know,Not sure,Yes,Yes,Yes,Very easy,No,No,Yes,Yes,Maybe,Yes,Yes,No
40,Male,United States,No,Yes,No,Sometimes,More than 1000,Yes,Yes,Yes,Yes,Yes,Yes,Don't know,Don't know,Yes,Maybe,Some of them,No,No,No,No,Yes
23,Female,Australia,No,Yes,Yes,Often,1-5,Yes,Yes,No,Not sure,No,No,Don't know,Very easy,No,No,Some of them,Yes,No,Maybe,Yes,No
36,M,United States,No,No,No,Sometimes,100-500,Yes,Yes,Yes,No,Don't know,Yes,Don't know,Don't know,Maybe,No,Some of them,Some of them,Maybe,Yes,Yes,No
31,Female,United States,No,No,No,X,26-100,Yes,No,Don't know,No,Don't know,Don't know,Don't know,Don't know,Maybe,No,Some of them,No,No,Maybe,Don't know,No
34,Male,United States,Yes,No,No,Rarely,1-5,Yes,Yes,No,No,No,No,Don't know,Don't know,Maybe,No,Some of them,No,No,No,Don't know,No
25,Male,United States,No,No,No,X,More than 1000,Yes,Yes,Yes,Yes,Yes,Yes,Don't know,Don't know,No,No,Yes,Yes,Maybe,Yes,Yes,No
31,Male,United States,Yes,Yes,No,Sometimes,1-5,Yes,Yes,No,No,No,No,Yes,Somewhat difficult,No,No,Yes,Yes,Maybe,Maybe,Yes,No
32,Male,United States,No,Yes,Yes,Sometimes,26-100,Yes,Yes,No,No,No,No,Don't know,Somewhat difficult,Yes,No,Some of them,No,No,Yes,No,No
28,m,Germany,No,No,No,Never,6-25,Yes,Yes,Don't know,No,Don't know,Don't know,Don't know,Very easy,No,No,Some of them,Some of them,Maybe,Yes,Yes,No
38,Male,United States,No,Yes,No,Sometimes,100-500,Yes,Yes,Yes,Yes,No,Yes,Don't know,Don't know,No,No,Yes,Some of them,Maybe,Maybe,Yes,No
27,Cis Female,United States,Yes,No,Yes,Often,1-5,Yes,Yes,Yes,Yes,Yes,Yes,Yes,Very easy,Maybe,Maybe,Some of them,Yes,No,Maybe,Yes,No
34,female,United States,No,Yes,Yes,Rarely,500-1000,Yes,Yes,Yes,Not sure,No,Don't know,Don't know,Don't know,Yes,Maybe,Some of them,Some of them,No,No,Don't know,No
18,something kinda male?,Russia,No,No,No,X,26-100,Yes,Yes,Yes,Yes,No,No,Yes,Somewhat easy,No,No,Yes,Yes,Yes,Yes,Don't know,No
33,Male,United States,No,Yes,Yes,Sometimes,26-100,Yes,Yes,Yes,Yes,Yes,Yes,Yes,Somewhat easy,No,No,Some of them,Yes,Maybe,Maybe,Yes,No
35,M,United States,No,Yes,Yes,Sometimes,26-100,Yes,Yes,Don't know,Not sure,No,No,Don't know,Somewhat easy,No,No,Some of them,Yes,No,Maybe,No,No
34,m,United States,No,Yes,No,Never,6-25,Yes,Yes,Yes,No,No,No,Don't know,Don't know,Maybe,No,No,No,No,No,Don't know,No
45,male,United States,No,Yes,Yes,Rarely,6-25,Yes,Yes,Yes,Yes,No,Yes,Yes,Very easy,No,No,Yes,Yes,Yes,Yes,Yes,No
21,Male,United Kingdom,Yes,No,No,Often,1-5,Yes,No,No,Yes,No,No,Yes,Very difficult,Yes,No,Some of them,Yes,No,Maybe,No,No
18,Male,United States,No,No,Yes,Rarely,1-5,Yes,Yes,No,No,No,No,Yes,Very easy,No,No,Some of them,No,No,No,Don't know,No
35,Male,United States,No,No,No,X,26-100,Yes,Yes,Don't know,Not sure,No,Don't know,Don't know,Don't know,No,No,Some of them,Yes,Maybe,Maybe,Don't know,No
25,Male,United States,No,No,No,X,26-100,Yes,Yes,Don't know,No,No,No,Don't know,Very easy,No,No,Some of them,Yes,No,No,Don't know,No
33,Male,United States,No,Yes,Yes,Sometimes,6-25,Yes,Yes,Don't know,No,Don't know,Don't know,Yes,Very easy,No,No,Yes,Yes,No,Maybe,Yes,No
32,male,United States,No,No,No,Rarely,1-5,Yes,Yes,No,Yes,No,No,Don't know,Very difficult,Maybe,No,Yes,Some of them,No,Yes,Don't know,No
38,Male,Costa Rica,No,No,No,X,26-100,Yes,Yes,No,Yes,No,No,Yes,Somewhat easy,No,No,Yes,Yes,Maybe,Yes,No,No
22,m,Austria,No,No,No,X,6-25,Yes,Yes,Don't know,No,Don't know,No,Don't know,Somewhat easy,No,No,Some of them,Some of them,No,No,Don't know,No
35,M,United States,No,No,No,Never,26-100,Yes,No,Don't know,Not sure,Don't know,Don't know,Don't know,Don't know,Yes,No,Some of them,No,No,Maybe,Don't know,No
-29,Male,United States,No,No,No,X,More than 1000,Yes,No,Yes,No,Don't know,Yes,Don't know,Don't know,No,No,Some of them,Yes,No,No,Don't know,No
30,Female,United States,No,Yes,No,X,More than 1000,Yes,Yes,Don't know,Not sure,No,Don't know,Don't know,Don't know,Maybe,Maybe,Some of them,Some of them,No,Maybe,Don't know,No
29,Female,United States,No,No,No,X,100-500,Yes,Yes,Don't know,Not sure,No,Don't know,Don't know,Don't know,Maybe,No,No,Some of them,No,Maybe,Don't know,No
19,Male,Canada,Yes,Yes,No,X,1-5,Yes,Yes,Don't know,Not sure,No,Yes,Yes,Somewhat easy,Maybe,No,Some of them,Some of them,Maybe,Maybe,Don't know,No
28,male,Poland,No,No,No,Rarely,6-25,Yes,Yes,No,No,No,No,Don't know,Don't know,No,No,Yes,Yes,Maybe,Yes,Yes,No
27,male,United States,No,No,Yes,Rarely,26-100,Yes,Yes,No,Yes,No,No,Don't know,Somewhat difficult,Maybe,No,Some of them,Yes,No,No,Don't know,Yes
27,Woman,United Kingdom,Yes,Yes,No,X,1-5,Yes,Yes,No,Yes,No,No,Yes,Somewhat easy,No,No,Yes,Yes,No,Maybe,Yes,No
32,Female,United States,No,No,Yes,Often,6-25,Yes,Yes,Yes,Not sure,Don't know,Don't know,Yes,Very easy,No,No,Yes,Yes,No,No,Yes,Yes
33,Male,United States,No,No,No,X,6-25,Yes,Yes,Don't know,No,No,No,Don't know,Very easy,No,No,Yes,Yes,No,Maybe,Don't know,No
29,male,Mexico,No,No,No,Never,6-25,Yes,Yes,No,No,No,No,No,Don't know,Maybe,Maybe,No,Yes,Maybe,Yes,No,No
43,Male,United States,No,Yes,Yes,Often,More than 1000,Yes,Yes,Yes,Not sure,No,Don't know,Don't know,Very difficult,Yes,Maybe,No,No,No,No,No,No
37,male,United States,No,No,No,X,500-1000,Yes,Yes,Yes,No,No,No,Don't know,Don't know,Yes,No,Some of them,No,Maybe,Yes,No,No
26,Male,France,No,No,No,X,6-25,Yes,Yes,No,Yes,No,No,Don't know,Somewhat easy,No,No,Some of them,No,No,Maybe,Yes,No
23,male,United Kingdom,No,Yes,No,X,1-5,Yes,Yes,Don't know,No,No,No,Don't know,Don't know,No,No,Some of them,Yes,Maybe,Yes,Don't know,No
38,Female,South Africa,Yes,Yes,Yes,Often,1-5,Yes,Yes,No,Yes,No,No,Yes,Somewhat easy,Maybe,Maybe,Some of them,Some of them,No,Maybe,Don't know,Yes
35,Female,United States,No,No,No,Never,500-1000,Yes,Yes,Don't know,Not sure,No,No,Don't know,Don't know,Maybe,Maybe,Some of them,No,No,No,Don't know,No
27,Male,United States,No,Yes,No,X,6-25,Yes,Yes,Yes,Yes,No,No,Don't know,Somewhat easy,Maybe,Maybe,Some of them,Some of them,No,Maybe,Yes,No
41,male,United States,No,No,Yes,Often,6-25,Yes,Yes,No,Not sure,No,No,Don't know,Very difficult,Maybe,Maybe,Some of them,Some of them,Maybe,Maybe,Don't know,No
34,male,Austria,No,Yes,No,X,100-500,Yes,Yes,Don't know,No,Don't know,Don't know,Don't know,Very easy,No,No,Yes,Yes,No,No,Yes,No
32,Male,United Kingdom,No,Yes,Yes,Sometimes,100-500,Yes,Yes,Don't know,Not sure,No,No,Don't know,Somewhat difficult,Yes,Maybe,No,No,No,No,No,Yes
21,Male,Canada,No,No,Yes,Sometimes,6-25,Yes,Yes,No,Yes,No,No,Don't know,Somewhat difficult,No,No,Some of them,Some of them,Maybe,Maybe,Yes,No
26,Male,United Kingdom,Yes,No,Yes,Often,1-5,Yes,Yes,No,No,No,No,Don't know,Don't know,Yes,No,No,No,No,Maybe,Don't know,No
27,female,United States,Yes,Yes,Yes,Sometimes,1-5,Yes,Yes,No,No,Don't know,Don't know,Don't know,Very difficult,No,No,Some of them,No,No,No,Don't know,No
30,Male,Germany,Yes,No,Yes,Often,6-25,Yes,Yes,Yes,Yes,No,No,Yes,Very difficult,No,No,Some of them,Yes,Maybe,Yes,Yes,No
32,male,United States,No,No,No,Rarely,1-5,Yes,Yes,No,Yes,No,No,Don't know,Very difficult,No,No,Some of them,Yes,No,Maybe,Yes,No
34,Male,Australia,Yes,No,No,Sometimes,1-5,Yes,Yes,Don't know,Not sure,Yes,Yes,Don't know,Somewhat difficult,Yes,Yes,No,No,No,Maybe,Yes,No
41,Male,United States,No,No,Yes,Rarely,500-1000,Yes,Yes,Yes,Yes,No,Don't know,Don't know,Don't know,Maybe,Maybe,Some of them,No,Maybe,Maybe,No,No
38,Male,United States,No,No,No,Sometimes,26-100,Yes,Yes,Don't know,Not sure,No,Don't know,Don't know,Don't know,Maybe,Maybe,Some of them,Yes,No,Maybe,No,No
27,Male,United States,No,No,No,Never,More than 1000,Yes,Yes,Yes,Yes,Don't know,Don't know,Yes,Somewhat easy,No,No,Some of them,Yes,Maybe,Maybe,Yes,No
40,M,United States,No,No,Yes,Sometimes,More than 1000,Yes,Yes,Yes,Yes,Yes,Yes,Yes,Don't know,Yes,Maybe,No,No,No,Maybe,No,Yes
32,M,United States,No,Yes,Yes,Sometimes,1-5,Yes,Yes,No,No,No,No,Don't know,Don't know,Maybe,No,Yes,Yes,No,Yes,Don't know,No
29,f,United States,No,Yes,Yes,Rarely,500-1000,Yes,No,Yes,Yes,Yes,Don't know,Yes,Don't know,Maybe,No,Some of them,No,Maybe,Yes,Don't know,No
23,Male,United States,No,Yes,Yes,Sometimes,26-100,Yes,No,Don't know,No,No,Don't know,Yes,Somewhat easy,Maybe,No,Some of them,Some of them,No,Yes,Yes,No
31,male,United States,No,Yes,Yes,Rarely,100-500,Yes,Yes,Yes,Yes,Yes,Don't know,Yes,Very easy,No,No,Some of them,Yes,No,Maybe,Yes,No
42,Male,United States,No,No,No,Never,6-25,Yes,Yes,No,Yes,No,Yes,Don't know,Somewhat easy,No,No,Some of them,Yes,No,No,Yes,No
27,Male,Canada,No,No,No,Sometimes,6-25,Yes,Yes,No,Yes,No,No,No,Very difficult,Yes,Yes,Some of them,Some of them,No,Maybe,No,No
30,Male,United States,No,No,Yes,Sometimes,100-500,Yes,Yes,Yes,Yes,No,Yes,Yes,Don't know,No,No,Yes,Yes,Maybe,No,Yes,No
43,Male,Canada,Yes,No,No,X,6-25,Yes,Yes,No,Not sure,No,No,Don't know,Somewhat easy,Maybe,No,Yes,Yes,Yes,Yes,Don't know,No
41,Male,United States,No,No,Yes,Sometimes,26-100,Yes,Yes,Yes,Yes,Don't know,No,Don't know,Very easy,No,No,Yes,Yes,Yes,Yes,Yes,No
32,Male,United Kingdom,Yes,Yes,Yes,Sometimes,1-5,Yes,Yes,Don't know,Not sure,Don't know,Don't know,Don't know,Very easy,Maybe,Maybe,Yes,Some of them,Maybe,Maybe,Don't know,Yes
32,Male,United States,No,No,No,Never,6-25,Yes,Yes,No,No,No,No,Don't know,Very easy,No,No,Yes,Yes,No,No,Don't know,No
30,Male,Ireland,Yes,No,No,Sometimes,1-5,Yes,Yes,No,No,No,No,Don't know,Somewhat difficult,No,No,Some of them,Some of them,No,Maybe,No,No
38,Male,United States,No,No,Yes,Rarely,26-100,Yes,Yes,Yes,No,No,No,Don't know,Don't know,Yes,No,No,No,No,Maybe,No,No
22,Male,Australia,Yes,Yes,Yes,Sometimes,6-25,Yes,Yes,Don't know,Not sure,Yes,Yes,Don't know,Somewhat easy,Maybe,No,Some of them,Yes,No,Yes,No,Yes
26,Female,United States,No,Yes,Yes,Rarely,More than 1000,Yes,Yes,Yes,Yes,Yes,Don't know,Don't know,Somewhat easy,Maybe,No,Some of them,No,No,No,Don't know,No
28,female,United States,No,Yes,Yes,Often,100-500,Yes,No,Yes,Yes,Yes,Yes,Yes,Somewhat easy,Yes,No,Some of them,Yes,No,No,Yes,No
25,Male,United States,No,No,No,X,26-100,Yes,Yes,Don't know,Not sure,No,Don't know,Don't know,Don't know,No,No,Some of them,Yes,No,No,Don't know,No
25,Male,Canada,No,No,Yes,Often,6-25,Yes,No,Don't know,No,No,Don't know,Don't know,Somewhat difficult,Yes,Maybe,No,No,No,Maybe,Don't know,No
41,Male,United States,No,Yes,Yes,Rarely,100-500,Yes,Yes,Yes,Yes,Don't know,Yes,Yes,Somewhat easy,No,No,Some of them,Yes,Maybe,Maybe,Yes,No
30,Male,United States,Yes,No,No,Never,1-5,Yes,Yes,No,Yes,No,No,Don't know,Don't know,Maybe,No,Some of them,Some of them,No,Maybe,Don't know,No
29,m,Romania,No,No,No,X,6-25,Yes,No,No,Yes,No,No,Don't know,Don't know,Maybe,Maybe,Some of them,Some of them,Maybe,Maybe,No,No
33,f,United States,No,Yes,No,Sometimes,26-100,Yes,Yes,No,Yes,No,No,Don't know,Very difficult,Yes,Maybe,Some of them,Some of them,No,Maybe,No,No
33,Male,United Kingdom,No,No,No,Rarely,1-5,Yes,Yes,Don't know,No,No,No,Don't know,Don't know,Yes,Maybe,No,No,No,Maybe,No,No
34,Male,United States,No,No,Yes,Sometimes,100-500,Yes,Yes,No,No,No,No,Don't know,Somewhat easy,Yes,Yes,Some of them,Some of them,No,Maybe,Don't know,No
29,M,United States,Yes,No,No,X,1-5,Yes,Yes,No,Yes,No,No,Yes,Very easy,No,No,Yes,Yes,Maybe,Maybe,Yes,No
34,male,Germany,Yes,Yes,Yes,Rarely,26-100,Yes,Yes,No,No,No,Don't know,Don't know,Somewhat difficult,No,No,Yes,Yes,No,Maybe,Yes,No
26,male,United States,Yes,Yes,Yes,Rarely,100-500,Yes,No,No,No,No,Don't know,No,Don't know,Maybe,No,Some of them,Yes,No,Yes,No,No
329,Male,United States,No,No,Yes,Often,6-25,Yes,Yes,Yes,Yes,No,No,Don't know,Don't know,Maybe,No,Some of them,No,No,No,No,No
45,M,United States,No,No,Yes,Never,26-100,Yes,Yes,Yes,Yes,Don't know,Don't know,Don't know,Don't know,Maybe,No,No,Some of them,No,Maybe,Don't know,No
25,Female,United States,No,Yes,Yes,Sometimes,26-100,Yes,Yes,Don't know,No,No,No,Don't know,Don't know,Maybe,No,Some of them,Yes,No,No,Yes,No
31,Make,United States,No,Yes,Yes,Sometimes,26-100,Yes,Yes,Yes,No,No,No,Don't know,Don't know,No,No,Yes,Yes,No,No,Don't know,No
25,Male,Germany,No,Yes,Yes,Often,26-100,Yes,Yes,No,No,No,No,Yes,Somewhat easy,No,No,Yes,Yes,No,Yes,No,No
27,female,United States,No,Yes,Yes,Rarely,More than 1000,Yes,Yes,Yes,Yes,No,Don't know,Don't know,Don't know,Maybe,Maybe,No,Yes,No,No,Don't know,No
29,Nah,United States,Yes,Yes,Yes,Sometimes,1-5,Yes,Yes,Yes,Yes,No,No,Don't know,Very difficult,Yes,No,Some of them,No,No,Maybe,No,No
26,Male,Canada,No,Yes,Yes,Often,26-100,Yes,Yes,Don't know,No,Don't know,Don't know,Don't know,Very easy,No,No,Yes,Yes,No,No,Yes,No
33,Male,United States,No,Yes,Yes,Never,26-100,Yes,Yes,Yes,Yes,Yes,Yes,Don't know,Don't know,Yes,Maybe,Yes,Some of them,No,No,Yes,No
33,Male,United States,No,No,No,X,More than 1000,Yes,Yes,Don't know,No,Don't know,Don't know,Don't know,Don't know,Yes,No,Some of them,No,No,Maybe,Yes,No
22,Male,Brazil,Yes,No,No,Never,6-25,Yes,Yes,Don't know,No,No,No,Don't know,Somewhat easy,No,No,Yes,Yes,Maybe,No,Don't know,No
33,male,United States,No,Yes,Yes,Often,More than 1000,Yes,Yes,Yes,Yes,No,No,Don't know,Somewhat easy,Yes,No,No,No,No,No,No,No
26,F,United States,No,No,Yes,Sometimes,100-500,Yes,Yes,Don't know,Not sure,Don't know,Don't know,Don't know,Somewhat difficult,No,No,Some of them,Some of them,No,No,Yes,No
55,M,United States,No,Yes,Yes,Sometimes,1-5,Yes,Yes,No,Yes,No,Don't know,Don't know,Don't know,Yes,Maybe,No,No,No,No,No,Yes
28,male,Germany,No,Yes,Yes,Rarely,1-5,Yes,Yes,Yes,No,No,No,Yes,Very easy,No,No,Yes,Yes,No,No,Yes,No
26,M,Uruguay,No,No,No,X,26-100,Yes,Yes,Don't know,No,Don't know,No,Don't know,Don't know,No,No,Some of them,No,No,Yes,Don't know,No
28,Male,New Zealand,No,Yes,Yes,Sometimes,6-25,Yes,Yes,Yes,Yes,Yes,No,Don't know,Very easy,No,No,Yes,Yes,Yes,Yes,Yes,No
28,Male,Canada,Yes,No,No,Never,100-500,Yes,Yes,Don't know,No,No,No,Don't know,Somewhat easy,Maybe,No,Some of them,Yes,No,No,Yes,No
33,male,United States,Yes,No,Yes,Often,1-5,Yes,Yes,No,No,No,No,Yes,Somewhat easy,Yes,Maybe,Some of them,Some of them,Yes,Yes,Don't know,No
20,Male,Australia,No,No,No,X,100-500,Yes,Yes,Don't know,Not sure,Don't know,Don't know,Yes,Very easy,No,No,Some of them,Yes,No,No,Don't know,No
29,Male,United States,No,Yes,Yes,Rarely,1-5,Yes,Yes,Yes,Yes,Yes,Yes,Yes,Somewhat easy,No,No,Yes,Yes,Maybe,Maybe,Yes,No
36,Male,United States,No,No,No,Rarely,More than 1000,Yes,Yes,Yes,No,Yes,Don't know,Don't know,Somewhat easy,Maybe,No,No,No,No,No,Don't know,No
33,female,United States,No,No,No,X,100-500,Yes,Yes,Yes,No,Don't know,No,Don't know,Don't know,No,No,Some of them,Yes,No,No,Yes,No
43,Male,United States,Yes,Yes,Yes,Often,6-25,Yes,Yes,Yes,Yes,No,No,Yes,Very easy,No,No,Yes,Yes,Maybe,Maybe,Yes,No
28,Make,United States,No,No,No,Sometimes,6-25,Yes,Yes,No,Yes,No,No,Don't know,Somewhat easy,Yes,Maybe,Some of them,No,No,No,Don't know,No
27,M,United States,No,Yes,Yes,Sometimes,6-25,Yes,Yes,Don't know,No,Yes,Don't know,Don't know,Somewhat easy,Yes,No,Some of them,Yes,No,Maybe,Yes,No
38,Male,United Kingdom,Yes,No,Yes,Sometimes,26-100,Yes,Yes,No,No,No,No,Yes,Somewhat easy,Maybe,Maybe,Some of them,Yes,No,Maybe,Yes,No
42,f,Netherlands,No,No,Yes,Rarely,100-500,Yes,Yes,Yes,Yes,No,No,Yes,Don't know,Yes,No,Some of them,No,No,Maybe,Don't know,No
31,Male,United States,No,No,Yes,Sometimes,100-500,Yes,Yes,Yes,Yes,Yes,Yes,Yes,Very easy,No,No,Some of them,Yes,No,No,Yes,No
34,Male,United States,No,No,No,Sometimes,6-25,Yes,Yes,Don't know,No,No,No,Don't know,Very difficult,Maybe,No,Some of them,Yes,No,Maybe,Don't know,No
23,male,Germany,Yes,Yes,Yes,Often,26-100,Yes,Yes,Don't know,No,Don't know,Don't know,Don't know,Don't know,No,Maybe,Yes,Yes,Maybe,Yes,Don't know,No
18,male,Finland,No,No,No,X,500-1000,Yes,No,Don't know,No,No,Don't know,Don't know,Very easy,Yes,No,No,No,No,Maybe,Don't know,No
18,Female,United Kingdom,No,Yes,Yes,Sometimes,1-5,Yes,Yes,Don't know,Not sure,Don't know,Don't know,Don't know,Don't know,Maybe,Maybe,Some of them,Some of them,Maybe,Maybe,Don't know,No
30,Male,United States,Yes,Yes,Yes,Often,1-5,Yes,Yes,No,Yes,No,No,Yes,Very easy,No,No,Yes,Yes,No,No,Yes,No
24,Female,United States,Yes,Yes,Yes,Sometimes,1-5,Yes,Yes,No,No,Don't know,Don't know,Don't know,Don't know,No,No,Some of them,Some of them,No,No,Don't know,Yes
25,female,United States,Yes,Yes,Yes,Often,1-5,Yes,Yes,Don't know,Not sure,No,No,Yes,Somewhat difficult,Yes,No,Some of them,No,No,Maybe,No,Yes
54,Male,United Kingdom,No,No,Yes,Sometimes,More than 1000,Yes,No,No,Yes,Yes,Yes,Yes,Very easy,No,No,Yes,Yes,Maybe,Maybe,No,No
32,male,United Kingdom,No,Yes,Yes,Sometimes,6-25,Yes,Yes,Yes,No,No,No,Don't know,Don't know,No,No,Yes,Yes,Maybe,Maybe,Yes,No
33,Female,United States,No,No,Yes,Sometimes,500-1000,Yes,Yes,Yes,Yes,Yes,Yes,Don't know,Very easy,No,No,Some of them,Some of them,No,No,Don't know,No
43,Male,United States,No,No,No,X,6-25,Yes,Yes,Don't know,No,No,Don't know,Don't know,Don't know,Maybe,No,Some of them,No,No,No,Don't know,No
46,Male,United States,No,No,Yes,Rarely,500-1000,Yes,Yes,Yes,Not sure,Yes,Yes,Yes,Don't know,No,No,Some of them,Yes,No,Maybe,Yes,No
25,Male,Bosnia and Herzegovina,No,Yes,No,Rarely,26-100,Yes,Yes,Don't know,Not sure,Don't know,Don't know,Don't know,Don't know,Maybe,Yes,No,No,No,No,Don't know,Yes
36,M,United States,Yes,Yes,Yes,Sometimes,1-5,Yes,Yes,Don't know,Yes,Don't know,No,Yes,Somewhat difficult,Maybe,No,Some of them,Yes,No,Yes,Yes,No
41,Female,United States,No,Yes,Yes,Rarely,500-1000,Yes,Yes,Yes,Yes,Yes,Yes,Yes,Very easy,Maybe,Maybe,Some of them,Some of them,No,No,Yes,No
51,Male,New Zealand,No,No,Yes,Sometimes,26-100,Yes,Yes,No,Yes,Yes,No,No,Somewhat difficult,Yes,Yes,No,No,No,No,Don't know,Yes
31,Female,Canada,Yes,Yes,Yes,Sometimes,100-500,Yes,Yes,Don't know,Not sure,Don't know,Don't know,Don't know,Don't know,Maybe,Maybe,Some of them,Yes,No,No,Yes,No
27,female,Hungary,Yes,Yes,No,Sometimes,1-5,Yes,Yes,No,No,No,No,No,Very difficult,Yes,Maybe,No,No,No,Maybe,No,No
39,M,United States,No,Yes,Yes,Often,26-100,Yes,Yes,Yes,Yes,Yes,Yes,Don't know,Somewhat easy,Yes,No,Some of them,Yes,No,No,No,No
28,female,United States,No,Yes,Yes,Often,100-500,Yes,Yes,Yes,No,No,Don't know,Don't know,Don't know,Yes,Yes,Some of them,Some of them,No,No,No,Yes
30,Male,United Kingdom,No,No,No,Never,26-100,Yes,Yes,Don't know,Not sure,Don't know,Don't know,Don't know,Very easy,No,No,Yes,Yes,Maybe,Maybe,Yes,No
27,Female,New Zealand,No,Yes,Yes,Rarely,100-500,Yes,Yes,No,No,No,No,Don't know,Somewhat easy,Maybe,Maybe,Some of them,Some of them,No,Yes,Don't know,No
22,Male,Netherlands,No,Yes,Yes,Sometimes,6-25,Yes,Yes,No,Not sure,No,Don't know,Don't know,Somewhat easy,No,No,Some of them,Yes,Maybe,Yes,Yes,No
65,Male,United States,Yes,No,No,X,6-25,Yes,No,No,No,No,No,Don't know,Very easy,Maybe,No,Some of them,No,No,No,Yes,No
27,Male,United States,No,Yes,Yes,Sometimes,100-500,Yes,Yes,Don't know,No,No,Don't know,Don't know,Don't know,No,No,Some of them,No,No,No,Yes,No
50,Male,United States,No,No,No,Never,26-100,Yes,Yes,No,Yes,No,No,Don't know,Don't know,No,No,No,No,No,Maybe,No,No
33,M,United States,No,Yes,No,Sometimes,6-25,Yes,Yes,Don't know,Not sure,No,No,Yes,Very easy,No,No,Some of them,Yes,No,No,Yes,No
29,male,Canada,Yes,No,No,Never,26-100,Yes,Yes,Yes,Yes,No,No,Yes,Very difficult,Yes,No,Some of them,No,No,Yes,No,No
34,Male,United States,No,Yes,Yes,Sometimes,26-100,Yes,No,Yes,No,No,No,Don't know,Don't know,Maybe,No,Some of them,Some of them,No,Maybe,Don't know,No
50,Male,United States,No,Yes,No,X,100-500,Yes,Yes,Don't know,No,No,Don't know,Don't know,Don't know,No,No,Some of them,Yes,Maybe,Maybe,Don't know,No
27,Male,Singapore,No,No,No,Sometimes,1-5,Yes,Yes,No,No,No,No,Yes,Don't know,Yes,No,Some of them,Yes,No,No,No,No
27,Male,Australia,No,No,Yes,Often,100-500,Yes,Yes,No,No,No,No,Don't know,Don't know,Maybe,No,Some of them,No,No,Maybe,No,Yes
34,Male,United States,No,Yes,Yes,Sometimes,26-100,Yes,Yes,Yes,Yes,No,No,Don't know,Don't know,Maybe,No,Some of them,Some of them,No,Yes,Don't know,Yes
31,M,United States,No,No,No,X,26-100,Yes,Yes,Don't know,No,No,Don't know,Don't know,Don't know,Yes,No,No,No,No,Maybe,Don't know,No
43,Male,United States,No,No,No,X,500-1000,Yes,Yes,Don't know,Not sure,Don't know,Don't know,Don't know,Don't know,No,No,Yes,Yes,No,No,Yes,No
35,Male,United States,Yes,Yes,No,X,6-25,Yes,Yes,No,No,Yes,Yes,Don't know,Very easy,No,No,Yes,Yes,No,Maybe,Yes,No
30,cis-female/femme,United States,Yes,Yes,Yes,Often,1-5,Yes,No,No,Yes,No,Yes,Yes,Somewhat difficult,No,No,Yes,Yes,No,No,Yes,No
50,Male,United States,No,No,No,Sometimes,1-5,Yes,Yes,Don't know,No,No,Don't know,Don't know,Don't know,Yes,Maybe,Some of them,Some of them,No,Maybe,Don't know,No
27,Male,Australia,No,No,No,Never,1-5,Yes,Yes,No,No,No,No,Don't know,Don't know,Yes,No,No,No,No,Maybe,Don't know,No
42,Male,United States,Yes,No,No,Rarely,6-25,Yes,No,No,Yes,No,No,Don't know,Very easy,No,No,Some of them,Yes,Maybe,Maybe,Yes,No
30,Male,United States,Yes,No,Yes,Often,6-25,Yes,Yes,No,Not sure,No,Yes,Don't know,Somewhat difficult,No,No,Yes,Yes,No,Maybe,Yes,No
35,Male,United States,No,Yes,Yes,Rarely,100-500,Yes,No,Yes,Yes,No,No,Yes,Very difficult,Yes,No,Some of them,No,No,Maybe,No,No
38,male,Netherlands,No,Yes,No,Often,26-100,Yes,Yes,No,Not sure,No,Don't know,Don't know,Don't know,Maybe,Maybe,Some of them,Some of them,Maybe,Maybe,Don't know,No
31,Female,United States,No,No,Yes,Often,26-100,Yes,Yes,Yes,Yes,No,No,Don't know,Very easy,Maybe,No,Some of them,Some of them,No,Yes,Don't know,No
32,male leaning androgynous,Canada,No,No,No,Sometimes,26-100,Yes,Yes,No,Yes,No,No,Yes,Very difficult,Yes,Maybe,Some of them,No,No,Maybe,No,Yes
28,Male,United States,No,Yes,Yes,Sometimes,26-100,Yes,Yes,Yes,Not sure,No,Don't know,Don't know,Don't know,Yes,No,Some of them,Some of them,No,No,Don't know,Yes
31,Male,Germany,No,No,No,Sometimes,6-25,Yes,Yes,No,No,No,No,No,Very easy,No,No,Yes,Yes,Maybe,Maybe,Yes,No
34,female,United States,No,No,Yes,Sometimes,100-500,Yes,Yes,Yes,Yes,No,Don't know,Don't know,Somewhat easy,Maybe,No,Some of them,Yes,No,No,Yes,No
35,Male,United States,Yes,No,No,X,1-5,Yes,Yes,Yes,Not sure,No,No,Yes,Very easy,No,No,Some of them,Yes,No,No,Yes,No
49,male,Japan,Yes,Yes,Yes,Sometimes,1-5,Yes,Yes,No,Yes,Yes,No,Don't know,Somewhat difficult,Yes,Yes,No,No,No,No,No,Yes
39,M,United States,No,No,No,Rarely,More than 1000,Yes,No,Don't know,No,Yes,Yes,Don't know,Don't know,No,No,Some of them,Some of them,No,Maybe,Don't know,No
54,male,United Kingdom,Yes,Yes,Yes,Sometimes,1-5,Yes,Yes,Don't know,Not sure,No,No,Don't know,Very easy,No,No,Some of them,Yes,Yes,Yes,Don't know,Yes
32,male,Germany,Yes,No,No,Never,1-5,Yes,Yes,No,No,No,No,Don't know,Don't know,No,No,Some of them,Yes,No,Maybe,Don't know,No
26,Male,Ireland,Yes,No,No,Never,1-5,Yes,Yes,No,No,No,No,Don't know,Somewhat difficult,Maybe,No,Some of them,Yes,Maybe,Maybe,Yes,No
30,Male,Ireland,No,No,Yes,Sometimes,26-100,Yes,Yes,No,No,Don't know,No,Don't know,Very difficult,Maybe,Maybe,Some of them,No,No,No,No,No
22,male,India,Yes,No,No,X,1-5,Yes,Yes,Don't know,No,Don't know,Don't know,Don't know,Very easy,Maybe,Maybe,Some of them,Some of them,Maybe,Maybe,Yes,Yes
26,Man,Canada,No,No,No,X,100-500,Yes,Yes,Yes,Not sure,Don't know,Yes,Don't know,Somewhat easy,No,No,Some of them,Some of them,No,No,Yes,No
28,Male,United States,No,No,Yes,Sometimes,26-100,Yes,No,Don't know,Not sure,No,Don't know,Don't know,Don't know,No,No,Some of them,Yes,No,Maybe,Don't know,No
45,Male,United States,No,No,Yes,Often,1-5,Yes,Yes,Yes,Not sure,No,Yes,Don't know,Very easy,No,No,Yes,Yes,No,Maybe,Yes,No
33,male,Bulgaria,No,No,Yes,Rarely,26-100,Yes,Yes,No,No,No,No,Don't know,Somewhat easy,Maybe,No,Some of them,Some of them,No,Maybe,Don't know,Yes
29,female,Canada,No,No,Yes,Rarely,More than 1000,Yes,No,Yes,Yes,Yes,Don't know,Yes,Somewhat easy,No,No,No,Yes,No,Maybe,Don't know,No
28,Male,United States,No,No,No,X,26-100,Yes,Yes,Don't know,No,No,No,Don't know,Don't know,Maybe,No,Some of them,No,No,No,Don't know,No
27,f,United Kingdom,No,No,Yes,Sometimes,6-25,Yes,Yes,Don't know,Not sure,Yes,Don't know,Yes,Very easy,No,No,Yes,Yes,Maybe,Maybe,Yes,No
29,M,Netherlands,No,No,No,Never,1-5,Yes,Yes,No,No,No,No,Yes,Somewhat easy,No,No,Yes,Yes,No,Maybe,Yes,No
39,F,United States,No,No,No,X,More than 1000,Yes,No,No,Yes,No,No,Don't know,Very difficult,Yes,Maybe,No,No,No,Maybe,No,No
33,M,United States,Yes,Yes,Yes,Rarely,1-5,Yes,Yes,No,Yes,Yes,Yes,No,Very difficult,No,No,Yes,Yes,No,No,Yes,Yes
32,Male,United States,Yes,No,Yes,Sometimes,1-5,Yes,Yes,Don't know,Not sure,Don't know,Don't know,Don't know,Very easy,No,No,Yes,Yes,Yes,Yes,Don't know,No
37,F,United States,No,No,No,X,26-100,Yes,Yes,Don't know,Not sure,No,Don't know,Don't know,Don't know,Yes,No,Some of them,No,No,No,Don't know,No
32,Male,United States,Yes,Yes,Yes,Sometimes,1-5,Yes,Yes,Yes,Yes,Don't know,Don't know,Don't know,Very difficult,Yes,Maybe,Some of them,No,No,No,No,No
37,male,United States,Yes,No,No,X,6-25,Yes,Yes,Yes,Yes,Yes,No,Yes,Somewhat easy,No,No,Yes,Yes,Maybe,Maybe,Yes,No
29,male,Canada,No,No,No,X,1-5,Yes,Yes,No,Yes,No,No,Don't know,Somewhat difficult,Maybe,Maybe,Yes,Yes,No,Maybe,Don't know,No
25,Male,United States,No,Yes,Yes,Never,6-25,Yes,Yes,Don't know,No,Yes,Don't know,Don't know,Don't know,Yes,No,Some of them,Yes,No,No,No,No
31,Male,South Africa,No,No,No,Never,100-500,Yes,Yes,No,No,No,No,No,Don't know,No,No,Some of them,Some of them,No,Maybe,No,No
21,male,Germany,No,No,No,Rarely,6-25,Yes,Yes,Don't know,No,No,No,Don't know,Very easy,Maybe,Maybe,Some of them,Some of them,No,Maybe,No,No
43,Male,Croatia,Yes,No,Yes,Sometimes,1-5,Yes,Yes,No,No,No,No,Yes,Very difficult,Yes,No,Yes,No,No,Maybe,No,Yes
29,Male,United States,No,No,No,X,6-25,Yes,Yes,Don't know,Not sure,No,No,Don't know,Very easy,No,No,Yes,Yes,No,No,Don't know,No
36,Male,United States,No,Yes,Yes,Sometimes,More than 1000,Yes,No,Don't know,No,Don't know,Don't know,Don't know,Don't know,Yes,Maybe,No,No,No,Maybe,Don't know,No
36,Male,United States,No,No,Yes,Sometimes,100-500,Yes,Yes,Yes,Yes,No,No,Don't know,Very difficult,Maybe,Maybe,Some of them,Some of them,Maybe,Maybe,Don't know,No
30,Male,United States,Yes,No,Yes,Sometimes,26-100,Yes,Yes,Don't know,Not sure,Don't know,Don't know,Don't know,Don't know,No,No,Some of them,Some of them,No,Yes,Don't know,No
42,male,Germany,No,No,No,X,More than 1000,Yes,Yes,Don't know,Not sure,Yes,Yes,Yes,Very easy,No,No,Some of them,No,No,Maybe,Yes,No
29,Female,United States,No,Yes,Yes,Sometimes,26-100,Yes,No,Don't know,No,No,Don't know,Don't know,Don't know,Maybe,No,Some of them,Yes,No,Maybe,Don't know,No
31,Male,Canada,Yes,Yes,No,Sometimes,1-5,Yes,Yes,No,Yes,No,No,Yes,Somewhat easy,No,No,No,No,No,No,Yes,No
36,F,United States,No,No,Yes,Never,6-25,Yes,Yes,Yes,No,No,No,Don't know,Don't know,Maybe,Maybe,Some of them,Some of them,No,No,No,No
33,Male,United States,Yes,Yes,Yes,Sometimes,1-5,Yes,Yes,No,Yes,No,No,Yes,Very easy,Maybe,Maybe,Yes,Yes,No,No,Yes,No
43,msle,United States,No,No,No,Sometimes,6-25,Yes,Yes,Don't know,No,No,Don't know,Don't know,Don't know,Maybe,No,No,No,No,Maybe,No,No
33,Male,United States,No,No,Yes,Sometimes,6-25,Yes,Yes,No,Yes,No,No,Yes,Somewhat difficult,No,No,Yes,Yes,Yes,Yes,Don't know,No
37,Male,Netherlands,No,No,No,X,100-500,Yes,No,Don't know,No,Don't know,Don't know,Don't know,Somewhat easy,Maybe,No,Yes,Yes,No,No,Don't know,No
37,female,United States,No,No,Yes,Often,6-25,Yes,Yes,Don't know,Not sure,No,No,Yes,Somewhat difficult,Yes,No,Some of them,Some of them,No,Yes,No,Yes
35,female,United States,No,No,Yes,Sometimes,100-500,Yes,Yes,Don't know,No,Don't know,Don't know,Don't know,Very easy,Maybe,No,Some of them,No,No,Maybe,Yes,No
39,M,United States,No,No,No,X,26-100,Yes,Yes,Yes,No,No,No,Don't know,Don't know,Yes,Maybe,No,No,No,No,Don't know,No
27,Male,United States,No,No,No,X,26-100,Yes,Yes,Don't know,Not sure,No,Don't know,Don't know,Very easy,No,No,Yes,Yes,Maybe,Maybe,Yes,No
28,Male,United States,No,No,Yes,Never,6-25,Yes,Yes,No,Yes,No,No,Don't know,Don't know,Maybe,Maybe,Some of them,Some of them,No,No,Don't know,No
36,F,United Kingdom,Yes,No,No,Sometimes,1-5,Yes,Yes,Don't know,Not sure,Don't know,Don't know,Don't know,Don't know,Maybe,No,Some of them,No,No,No,Don't know,No
44,male,United States,Yes,Yes,Yes,Sometimes,1-5,Yes,Yes,No,Yes,No,No,No,Very easy,Yes,Yes,Some of them,No,No,No,Yes,No
26,queer,Germany,Yes,No,Yes,Sometimes,6-25,Yes,Yes,No,Not sure,Yes,Yes,Yes,Very easy,No,No,Some of them,Some of them,Maybe,Maybe,Yes,No
38,M,United States,No,No,No,Never,More than 1000,Yes,Yes,No,Yes,No,No,No,Very difficult,Yes,Yes,No,No,No,No,Don't know,No
34,Male,United States,No,No,No,X,More than 1000,Yes,Yes,Don't know,Not sure,Don't know,Don't know,Don't know,Don't know,No,No,Some of them,Yes,No,Maybe,Yes,No
40,M,United States,Yes,No,No,Sometimes,1-5,Yes,Yes,Don't know,Not sure,No,No,Don't know,Somewhat easy,Yes,Maybe,Some of them,No,No,No,Don't know,No
29,Male,United States,No,Yes,No,Sometimes,More than 1000,Yes,No,Yes,Yes,No,Yes,Yes,Very easy,Maybe,No,Some of them,No,No,No,Yes,No
47,F,United States,No,No,No,X,100-500,Yes,Yes,Don't know,No,No,Don't know,Don't know,Very difficult,Yes,Yes,No,No,No,No,No,No
36,male,United Kingdom,Yes,No,No,Sometimes,6-25,Yes,Yes,No,No,No,No,Don't know,Somewhat difficult,No,No,Yes,Yes,No,Maybe,Don't know,Yes
40,m,United States,Yes,Yes,Yes,Sometimes,1-5,Yes,Yes,No,Yes,No,No,Yes,Very easy,No,No,Yes,Yes,No,No,Yes,No
42,Male,United States,No,No,Yes,Sometimes,1-5,Yes,Yes,No,Yes,No,No,Don't know,Somewhat easy,Maybe,No,No,No,No,Maybe,Don't know,No
23,M,United States,No,Yes,No,X,26-100,Yes,Yes,Yes,Yes,No,Don't know,Yes,Don't know,Maybe,No,No,Some of them,No,No,Don't know,No
26,Male,Canada,No,No,No,Sometimes,6-25,Yes,Yes,No,No,No,No,Don't know,Very difficult,Yes,Maybe,Some of them,Some of them,No,Maybe,Don't know,No
51,Male,United States,No,No,No,Never,More than 1000,Yes,Yes,Yes,Yes,Yes,Yes,Yes,Very easy,No,No,Yes,Yes,No,No,Yes,No
26,Male,United Kingdom,Yes,No,Yes,Rarely,1-5,Yes,Yes,No,Not sure,Don't know,Don't know,Don't know,Somewhat difficult,No,No,Yes,Yes,Maybe,Maybe,Yes,No
33,Male,United States,No,Yes,Yes,Often,6-25,Yes,Yes,No,Yes,No,No,Don't know,Very difficult,Yes,No,Some of them,Yes,No,Maybe,No,No
34,male,United Kingdom,No,No,No,X,6-25,Yes,Yes,No,No,No,No,No,Somewhat difficult,Yes,Maybe,No,No,No,Yes,No,Yes
39,M,United States,No,No,No,X,1-5,Yes,Yes,No,Yes,No,No,Don't know,Very difficult,Maybe,Maybe,Some of them,Yes,Maybe,Maybe,No,No
32,male,Germany,Yes,No,No,Sometimes,1-5,Yes,Yes,No,Yes,No,No,Yes,Somewhat easy,No,No,Some of them,Some of them,Maybe,Maybe,No,No
43,Male,Mexico,Yes,No,No,X,More than 1000,Yes,Yes,Don't know,No,No,Don't know,Don't know,Don't know,No,No,Some of them,Yes,No,Maybe,Don't know,No
56,m,United States,No,No,Yes,Rarely,More than 1000,Yes,Yes,Yes,Yes,Don't know,Yes,Yes,Somewhat easy,No,No,Yes,Yes,Yes,Yes,Yes,No
39,Male,United States,No,No,No,X,More than 1000,Yes,Yes,Don't know,Not sure,Don't know,Don't know,Don't know,Don't know,No,No,Some of them,Yes,No,No,Don't know,No
30,m,United States,Yes,Yes,Yes,Sometimes,6-25,Yes,Yes,Don't know,Not sure,No,Don't know,Don't know,Very difficult,Yes,No,No,No,No,Maybe,Don't know,No
30,Mail,United States,No,No,No,Never,26-100,Yes,Yes,Yes,Yes,Don't know,Don't know,Yes,Very easy,No,No,Some of them,Yes,Maybe,Maybe,Yes,No
37,Male,United States,No,No,No,Never,500-1000,Yes,Yes,Yes,No,Yes,Don't know,Don't know,Don't know,Maybe,No,Some of them,Yes,No,No,Yes,Yes
35,Male,United States,No,Yes,Yes,Sometimes,26-100,Yes,Yes,Yes,Yes,No,Don't know,Don't know,Don't know,Maybe,Maybe,Some of them,No,No,Maybe,No,No
41,M,United States,No,Yes,No,Never,500-1000,Yes,No,Don't know,No,No,No,Don't know,Don't know,Maybe,No,No,No,No,No,Don't know,No
42,male,United States,Yes,Yes,No,Sometimes,6-25,Yes,No,Yes,Not sure,Don't know,Yes,Don't know,Don't know,Maybe,Maybe,Some of them,No,No,Maybe,Don't know,No
32,Male,United States,Yes,Yes,Yes,Rarely,1-5,Yes,Yes,No,Yes,No,No,Don't know,Very difficult,Yes,No,Some of them,No,No,Maybe,Don't know,No
40,M,United States,No,Yes,Yes,Often,500-1000,Yes,Yes,Don't know,Not sure,No,Don't know,Don't know,Don't know,Maybe,Maybe,Some of them,Some of them,No,Yes,Don't know,No
34,male,Germany,Yes,No,Yes,Sometimes,1-5,Yes,Yes,No,Not sure,No,No,Yes,Somewhat difficult,Maybe,Maybe,Some of them,Some of them,No,No,Don't know,No
50,Male,United States,Yes,No,No,Never,1-5,Yes,Yes,No,Yes,No,No,Yes,Somewhat easy,No,No,Some of them,Yes,No,Maybe,Yes,No
24,Male,United States,No,No,No,Sometimes,26-100,Yes,Yes,Don't know,No,No,Don't know,Don't know,Somewhat easy,No,No,Some of them,Yes,No,Maybe,No,No
24,Male,United Kingdom,Yes,No,No,X,1-5,Yes,Yes,No,Yes,No,No,Yes,Very easy,No,No,No,No,No,Maybe,Yes,No
30,Male,United States,No,No,No,X,More than 1000,Yes,Yes,Yes,No,Yes,Yes,Don't know,Don't know,Yes,Maybe,No,No,No,No,Don't know,No
36,Male,United States,No,No,Yes,Rarely,500-1000,Yes,Yes,Yes,Yes,Don't know,Don't know,Don't know,Don't know,Maybe,No,No,No,No,Maybe,Don't know,No
53,Male,United States,No,No,Yes,Rarely,6-25,Yes,Yes,Yes,Yes,No,Yes,Don't know,Don't know,Maybe,Maybe,Some of them,No,No,No,Don't know,No
24,Female,United Kingdom,No,Yes,Yes,Often,6-25,Yes,Yes,No,No,No,No,Don't know,Very easy,No,No,Yes,Yes,No,No,Don't know,No
30,Male,United States,Yes,No,No,Never,1-5,Yes,Yes,No,Yes,No,No,Yes,Somewhat easy,Maybe,Maybe,Some of them,Some of them,Maybe,Maybe,Don't know,No
34,male,United Kingdom,Yes,No,Yes,Sometimes,1-5,Yes,Yes,No,No,No,No,Yes,Somewhat difficult,No,No,Some of them,Some of them,No,No,Yes,No
31,Male,United States,No,No,No,X,More than 1000,Yes,Yes,Yes,Yes,Yes,Yes,Yes,Very easy,No,No,Some of them,Yes,Maybe,Yes,Yes,No
25,Male,United States,No,No,No,X,100-500,Yes,Yes,Yes,No,No,No,Yes,Don't know,No,No,Yes,Yes,Maybe,Maybe,Don't know,No
43,Cis Male,United States,No,No,Yes,Sometimes,100-500,Yes,Yes,Yes,Yes,No,Yes,Yes,Very difficult,Yes,Maybe,Some of them,No,No,Maybe,No,Yes
38,Male,United Kingdom,Yes,Yes,Yes,Rarely,1-5,Yes,No,No,No,No,No,Yes,Very difficult,Maybe,No,No,No,No,No,No,No
44,male,United States,No,Yes,Yes,Sometimes,6-25,Yes,Yes,Yes,Yes,Yes,Yes,Yes,Somewhat difficult,Maybe,Maybe,Some of them,Yes,No,Maybe,No,No
40,Male,United States,No,Yes,Yes,Sometimes,More than 1000,Yes,Yes,Yes,Yes,Yes,Yes,Yes,Very difficult,Yes,No,Some of them,Some of them,No,Maybe,Don't know,Yes
61,male,South Africa,Yes,No,Yes,Sometimes,1-5,Yes,Yes,No,No,No,No,Don't know,Very difficult,Yes,Maybe,Some of them,Yes,No,Maybe,No,Yes
34,male,Netherlands,Yes,Yes,Yes,Rarely,1-5,Yes,Yes,Yes,Yes,Yes,Yes,Yes,Very easy,No,No,Yes,Some of them,No,Maybe,Yes,No
25,male,Germany,Yes,No,No,Sometimes,6-25,Yes,Yes,No,Yes,No,No,Yes,Somewhat easy,No,No,Some of them,Yes,Yes,Yes,Yes,No
35,male,Germany,Yes,No,Yes,Sometimes,26-100,Yes,No,Don't know,No,No,No,Don't know,Somewhat difficult,Yes,Maybe,Yes,No,No,Maybe,Don't know,No
24,M,United Kingdom,Yes,Yes,No,Often,1-5,Yes,Yes,Don't know,Not sure,No,No,Don't know,Don't know,Maybe,No,Some of them,Some of them,No,Maybe,Don't know,No
33,Male,United Kingdom,Yes,Yes,Yes,Sometimes,1-5,Yes,Yes,No,Yes,No,No,No,Very difficult,Yes,Maybe,Some of them,Some of them,No,Maybe,No,Yes
26,Female,United Kingdom,Yes,Yes,Yes,Sometimes,1-5,Yes,Yes,No,No,No,No,Don't know,Very easy,Maybe,No,Some of them,Yes,No,Maybe,Yes,No
25,Male,United Kingdom,No,No,No,Never,6-25,Yes,Yes,Don't know,Not sure,Don't know,Don't know,Don't know,Very easy,No,No,Yes,Yes,No,No,Don't know,No
33,female,United Kingdom,Yes,No,Yes,Sometimes,1-5,Yes,Yes,No,Yes,Yes,Yes,Yes,Very easy,No,No,Some of them,Yes,No,No,Don't know,No
43,Male,United States,No,No,No,Sometimes,More than 1000,Yes,Yes,No,Not sure,No,No,Don't know,Very difficult,Yes,Maybe,No,No,No,Maybe,No,Yes
40,Male,United States,No,Yes,Yes,Sometimes,1-5,Yes,Yes,No,No,No,No,Don't know,Don't know,Maybe,Maybe,Some of them,Yes,No,Maybe,No,No
37,Female,Canada,Yes,Yes,Yes,Rarely,1-5,Yes,Yes,No,Yes,No,No,Yes,Somewhat easy,Yes,Maybe,Some of them,Some of them,Maybe,Maybe,Don't know,Yes
34,female,United Kingdom,No,Yes,Yes,Often,26-100,Yes,No,Yes,Yes,No,Yes,No,Somewhat easy,Yes,Yes,Some of them,No,No,No,Don't know,No
29,Male,United Kingdom,No,No,Yes,Sometimes,6-25,Yes,Yes,No,No,No,No,Don't know,Very easy,No,No,Yes,Yes,No,Yes,Yes,No
39,Female,United Kingdom,No,Yes,No,Rarely,500-1000,Yes,Yes,Don't know,Not sure,No,No,Don't know,Somewhat difficult,Yes,Yes,No,No,No,No,No,Yes
8,A little about you,"Bahamas, The",Yes,Yes,Yes,Often,1-5,Yes,Yes,Yes,Yes,Yes,Yes,Yes,Very easy,Yes,Yes,Yes,Yes,Yes,Yes,Yes,Yes
38,Male,United Kingdom,No,No,No,X,1-5,Yes,Yes,No,No,No,No,Yes,Somewhat easy,No,No,Some of them,Yes,No,No,Don't know,No
28,male,United Kingdom,Yes,No,No,X,1-5,Yes,Yes,No,Yes,No,No,Yes,Very easy,Maybe,Maybe,No,No,No,No,Yes,No
39,male,United States,No,No,Yes,Rarely,100-500,Yes,Yes,Yes,Yes,No,No,Yes,Very easy,Maybe,No,Some of them,Yes,No,No,Don't know,No
25,Male,United States,No,Yes,Yes,Often,6-25,Yes,Yes,Yes,Yes,No,Don't know,Yes,Somewhat easy,No,No,Yes,Yes,Maybe,Maybe,Don't know,No
42,male,United States,No,Yes,Yes,Sometimes,6-25,Yes,Yes,Don't know,No,No,Don't know,Don't know,Don't know,Maybe,No,Some of them,Yes,No,Maybe,Don't know,No
26,female,United States,No,No,Yes,Sometimes,26-100,Yes,Yes,Don't know,No,No,Don't know,Don't know,Don't know,Maybe,No,Some of them,No,Maybe,Maybe,Don't know,Yes
38,m,United States,No,Yes,Yes,Sometimes,100-500,Yes,No,Yes,Yes,No,Yes,Yes,Very easy,No,No,Yes,Yes,Yes,Yes,Don't know,No
39,M,United States,No,Yes,Yes,Sometimes,6-25,Yes,Yes,No,Yes,No,No,Yes,Somewhat easy,No,No,Some of them,Yes,Maybe,Yes,Yes,No
33,female,United States,Yes,No,No,Never,1-5,Yes,Yes,No,Yes,Don't know,Don't know,Yes,Somewhat easy,Maybe,No,No,Some of them,No,No,Yes,No
38,Female,United States,No,Yes,No,Sometimes,26-100,Yes,Yes,Don't know,Not sure,Don't know,Don't know,Don't know,Don't know,No,No,Some of them,Yes,No,No,Don't know,No
30,Male,United States,No,Yes,Yes,Sometimes,26-100,Yes,Yes,Yes,No,No,No,Don't know,Don't know,Maybe,No,Some of them,No,No,Maybe,Don't know,No
25,Male,United States,No,No,No,Rarely,26-100,Yes,Yes,Don't know,No,No,No,Don't know,Somewhat easy,Yes,No,Some of them,Some of them,No,Yes,Don't know,Yes
19,M,Canada,No,No,No,Never,26-100,Yes,Yes,Don't know,No,No,No,Don't know,Somewhat easy,No,No,Some of them,Some of them,No,Maybe,No,No
37,Male,United States,No,Yes,No,Sometimes,26-100,Yes,Yes,Don't know,No,No,No,Don't know,Somewhat easy,Maybe,No,Some of them,Some of them,No,Maybe,No,No
42,M,United States,No,Yes,Yes,Sometimes,6-25,Yes,Yes,Don't know,No,No,Don't know,Don't know,Don't know,Maybe,Maybe,Some of them,Some of them,No,No,Don't know,No
40,female,United States,No,Yes,No,Never,100-500,Yes,Yes,Yes,Yes,Yes,No,Don't know,Don't know,Yes,Yes,No,No,No,No,Don't know,No
40,Male,United States,No,Yes,No,Sometimes,More than 1000,Yes,No,Yes,Not sure,Yes,Don't know,Don't know,Don't know,Yes,Maybe,Some of them,Some of them,No,Maybe,No,No
35,Male,Canada,No,Yes,No,Sometimes,6-25,Yes,Yes,No,Yes,No,No,Don't know,Don't know,Maybe,No,No,Some of them,No,No,Don't know,No
26,male,Australia,No,Yes,Yes,Sometimes,26-100,Yes,Yes,No,No,No,No,Yes,Don't know,No,No,Yes,Yes,No,Maybe,Yes,No
44,m,United States,No,No,No,X,More than 1000,Yes,No,Don't know,No,Don't know,Don't know,Yes,Don't know,Yes,No,Some of them,No,No,No,No,No
35,Male,United States,No,No,No,X,6-25,Yes,Yes,No,No,No,No,Don't know,Don't know,No,No,No,No,No,No,Don't know,No
28,female,United States,No,Yes,Yes,Sometimes,26-100,Yes,Yes,Don't know,No,No,No,Don't know,Somewhat easy,Yes,No,Some of them,Some of them,No,Maybe,No,No
33,Male,United States,No,No,No,X,6-25,Yes,Yes,Yes,No,Don't know,Yes,Yes,Don't know,No,No,Some of them,Yes,No,No,Yes,No
40,M,United States,No,Yes,Yes,Sometimes,More than 1000,Yes,Yes,Yes,Yes,No,Yes,Don't know,Don't know,Yes,No,No,No,No,Maybe,Don't know,No
41,Male,United States,Yes,No,Yes,Often,1-5,Yes,No,No,Yes,Yes,Yes,Yes,Very difficult,No,No,Some of them,Some of them,No,No,Yes,Yes
39,Male,United Kingdom,Yes,Yes,Yes,Sometimes,1-5,Yes,Yes,No,Yes,Yes,Yes,Yes,Somewhat difficult,No,No,Yes,Yes,No,Maybe,Yes,Yes
36,Male,United States,No,No,No,Never,1-5,Yes,Yes,Don't know,Not sure,Don't know,Don't know,Don't know,Very easy,No,No,Some of them,Some of them,No,No,Don't know,No
33,male,United States,Yes,No,No,Never,6-25,Yes,Yes,Don't know,No,No,No,No,Very easy,Maybe,No,Some of them,Yes,No,Maybe,Yes,No
29,Female,United States,No,No,Yes,Often,More than 1000,Yes,No,Yes,No,No,No,Don't know,Somewhat easy,No,No,Some of them,Yes,Maybe,Maybe,Don't know,No
44,M,United States,Yes,No,No,Never,1-5,Yes,Yes,Don't know,No,No,No,Yes,Somewhat difficult,No,No,No,No,No,No,Don't know,No
25,Male,United States,No,No,Yes,Often,6-25,Yes,Yes,Don't know,No,No,No,Don't know,Somewhat easy,Maybe,No,Some of them,No,No,Maybe,Don't know,No
34,M,United States,No,No,No,Never,6-25,Yes,Yes,Yes,Not sure,Don't know,Don't know,Don't know,Somewhat easy,Maybe,Maybe,No,Some of them,No,Maybe,Don't know,No
34,Male,Greece,No,No,No,X,26-100,Yes,Yes,No,No,No,No,Don't know,Very difficult,Yes,Maybe,Some of them,No,No,Maybe,No,No
39,Female,United States,No,No,Yes,Sometimes,6-25,Yes,Yes,No,No,No,No,Don't know,Don't know,Maybe,Maybe,Some of them,Some of them,No,Maybe,No,No
43,Male,United States,No,No,No,Sometimes,More than 1000,Yes,Yes,Yes,Not sure,No,Yes,Don't know,Don't know,Maybe,No,No,No,No,No,Don't know,No
43,Male,United States,Yes,Yes,Yes,Sometimes,1-5,Yes,Yes,Yes,Not sure,No,Don't know,Don't know,Don't know,Maybe,Maybe,Some of them,Some of them,No,Maybe,Don't know,No
37,female,United States,No,Yes,Yes,Sometimes,26-100,Yes,Yes,Yes,Yes,No,Don't know,Don't know,Don't know,Yes,Maybe,No,No,No,Maybe,Don't know,No
11,male,United States,Yes,No,No,Never,1-5,Yes,Yes,No,Yes,No,No,Yes,Very easy,No,No,Some of them,Some of them,No,Maybe,Yes,No
24,Male,United States,No,Yes,Yes,Rarely,6-25,Yes,Yes,Don't know,No,No,No,Don't know,Very easy,No,No,Yes,Yes,Maybe,Yes,Yes,No
29,Male,United States,No,No,No,X,6-25,Yes,Yes,Yes,Not sure,No,Yes,Don't know,Don't know,Maybe,No,Some of them,Yes,Maybe,Yes,Don't know,No
33,Female,Canada,Yes,Yes,Yes,Often,1-5,Yes,Yes,No,Yes,No,No,No,Very difficult,Yes,Yes,No,No,No,Maybe,No,Yes
35,Female,United States,No,Yes,No,Sometimes,6-25,Yes,Yes,Don't know,No,No,No,Don't know,Somewhat easy,No,No,Yes,Some of them,No,No,Yes,No
45,M,United States,No,No,No,Never,6-25,Yes,Yes,Yes,No,No,No,Don't know,Don't know,Yes,Maybe,Some of them,No,No,Maybe,Don't know,No
25,Male,United States,No,No,Yes,Rarely,6-25,Yes,Yes,No,Yes,No,Don't know,Don't know,Somewhat easy,Maybe,No,No,Some of them,No,Maybe,Don't know,No
50,male,France,Yes,No,Yes,Sometimes,26-100,Yes,Yes,No,No,No,No,Don't know,Don't know,Maybe,Maybe,Some of them,Yes,No,No,Don't know,No
33,male,Croatia,No,Yes,Yes,Sometimes,6-25,Yes,Yes,Yes,Yes,No,Don't know,Yes,Very easy,No,No,Some of them,Yes,Maybe,Maybe,Yes,No
37,male,Germany,No,No,No,X,6-25,Yes,Yes,No,Not sure,No,No,Don't know,Don't know,Maybe,No,Some of them,No,Maybe,Yes,Don't know,No
25,Male,United States,No,Yes,Yes,Sometimes,1-5,Yes,Yes,Don't know,No,Don't know,Don't know,Don't know,Very easy,No,No,Yes,Yes,Maybe,Yes,Don't know,No
34,Male,United States,No,No,No,Never,1-5,Yes,Yes,No,Yes,No,No,Don't know,Don't know,Yes,Yes,No,No,No,No,Don't know,No
20,female,United States,No,No,Yes,Sometimes,26-100,Yes,Yes,Don't know,Not sure,Don't know,Don't know,Don't know,Don't know,No,No,Some of them,Some of them,Maybe,Maybe,Don't know,No
-1,p,United States,Yes,Yes,Yes,Often,1-5,Yes,Yes,Yes,Yes,Yes,Yes,Yes,Very easy,Yes,Yes,Yes,Yes,Yes,Yes,Yes,Yes
36,F,United States,No,Yes,Yes,Rarely,More than 1000,Yes,Yes,Yes,Yes,No,No,Yes,Somewhat easy,Maybe,Maybe,Some of them,No,No,No,Don't know,No
25,Male,United Kingdom,No,Yes,Yes,Sometimes,26-100,Yes,Yes,No,No,No,No,Yes,Very easy,No,No,Some of them,Yes,No,Maybe,Yes,No
26,F,United States,No,Yes,No,Sometimes,26-100,Yes,Yes,Don't know,No,No,No,Don't know,Don't know,Maybe,No,No,No,No,No,Don't know,No
32,male,Canada,Yes,No,No,Never,6-25,Yes,Yes,Don't know,Not sure,No,No,Don't know,Very easy,No,No,Yes,Yes,Maybe,Maybe,Yes,No
37,Male,Netherlands,Yes,No,No,Never,1-5,Yes,Yes,Don't know,Not sure,Don't know,Don't know,Don't know,Very easy,Yes,Yes,Some of them,Some of them,No,No,Don't know,No
51,M,Singapore,No,No,No,Never,More than 1000,Yes,Yes,Don't know,No,No,Don't know,Don't know,Don't know,Yes,No,No,No,No,No,No,No
26,Male,United States,No,Yes,Yes,Sometimes,6-25,Yes,Yes,Don't know,No,No,Don't know,Don't know,Somewhat easy,Maybe,No,Some of them,Some of them,Maybe,Maybe,Don't know,No
46,Female,United States,No,No,Yes,Often,100-500,Yes,No,Yes,Yes,No,No,Yes,Don't know,Maybe,No,Some of them,Some of them,No,Maybe,No,No
34,male,Poland,No,No,No,Never,More than 1000,Yes,Yes,Don't know,Not sure,No,No,Don't know,Don't know,Maybe,No,Some of them,Some of them,No,Yes,Don't know,No
40,m,China,Yes,No,No,Sometimes,1-5,Yes,Yes,No,Yes,No,No,Don't know,Somewhat easy,No,No,Some of them,Some of them,Maybe,Maybe,Don't know,No
25,female,Bulgaria,No,No,Yes,Sometimes,26-100,Yes,Yes,No,No,No,No,Don't know,Don't know,Maybe,Maybe,Yes,Some of them,Maybe,No,No,No
72,Female,United States,No,Yes,Yes,Never,500-1000,Yes,No,Yes,Not sure,Don't know,Yes,Don't know,Somewhat easy,Maybe,Maybe,Some of them,Yes,No,No,Don't know,Yes
35,female,United States,No,Yes,Yes,Sometimes,1-5,Yes,Yes,No,No,No,No,Yes,Don't know,Maybe,Maybe,Some of them,Some of them,No,No,Yes,No
56,female,United States,Yes,No,No,Rarely,1-5,Yes,Yes,Don't know,Not sure,Don't know,Don't know,Don't know,Don't know,Maybe,Maybe,No,No,No,No,Don't know,No
38,Male,United States,No,Yes,Yes,Sometimes,26-100,Yes,Yes,Yes,No,No,No,Don't know,Don't know,Maybe,No,Some of them,Some of them,No,No,Don't know,No
37,Male,United Kingdom,No,No,No,Never,26-100,Yes,Yes,Don't know,No,No,No,Don't know,Somewhat easy,No,No,Some of them,Yes,No,Yes,Don't know,No
32,Male,United States,No,No,Yes,Often,26-100,Yes,Yes,Yes,Not sure,No,Don't know,Don't know,Very difficult,Yes,Maybe,Some of them,No,No,No,Don't know,No
28,Male,Australia,No,No,Yes,Often,100-500,Yes,Yes,No,Yes,No,No,Don't know,Don't know,Yes,No,No,No,No,Maybe,No,No
34,Male,Ireland,No,Yes,Yes,Never,1-5,Yes,Yes,No,No,No,No,Don't know,Don't know,Maybe,No,Some of them,Yes,No,No,Don't know,No
34,Male,United Kingdom,No,Yes,No,Often,26-100,Yes,No,Don't know,Not sure,No,No,Don't know,Somewhat easy,Maybe,No,Some of them,Yes,Maybe,Yes,Yes,No
45,male,Ireland,No,No,No,Never,More than 1000,Yes,Yes,Don't know,Not sure,No,No,Don't know,Don't know,Yes,No,Yes,Some of them,No,No,No,Yes
33,Male,United States,No,No,Yes,Often,26-100,Yes,Yes,Yes,Yes,No,No,Yes,Don't know,Maybe,No,Some of them,No,No,Maybe,Don't know,No
27,Male,United Kingdom,No,No,No,Rarely,More than 1000,Yes,No,Don't know,Not sure,No,Yes,Don't know,Don't know,No,No,Some of them,Yes,No,No,Don't know,No
38,Male,United States,No,No,Yes,Sometimes,More than 1000,Yes,Yes,Yes,No,Yes,Yes,Yes,Very easy,No,No,Yes,Yes,No,No,Don't know,No
46,male,United States,No,Yes,Yes,Sometimes,100-500,Yes,Yes,Don't know,Not sure,Don't know,Don't know,Don't know,Don't know,No,No,Some of them,Yes,Yes,Yes,Don't know,No
41,female,Netherlands,Yes,No,Yes,Rarely,1-5,Yes,Yes,Don't know,Yes,Don't know,Yes,No,Somewhat easy,No,No,Yes,Yes,Yes,Yes,Yes,No
39,Male,Greece,No,No,No,X,6-25,Yes,Yes,No,No,No,No,Yes,Don't know,Yes,No,No,No,No,No,Don't know,No
24,Cis Man,United Kingdom,Yes,No,Yes,Sometimes,6-25,Yes,Yes,No,No,No,No,Don't know,Don't know,Maybe,Maybe,Some of them,Some of them,No,Maybe,Don't know,Yes
60,Male,United States,No,No,Yes,Often,More than 1000,Yes,Yes,Don't know,No,Yes,Don't know,Don't know,Somewhat easy,Maybe,Maybe,Some of them,No,No,Maybe,Don't know,No
31,Male,Poland,Yes,No,Yes,Often,6-25,Yes,Yes,No,No,No,No,Don't know,Somewhat easy,Maybe,No,Some of them,No,No,No,Don't know,No
43,f,United States,No,Yes,Yes,Rarely,More than 1000,Yes,Yes,Yes,Yes,No,Yes,Don't know,Don't know,No,No,Some of them,Yes,No,No,Don't know,No
29,male,United States,No,Yes,Yes,Sometimes,100-500,Yes,Yes,Yes,Yes,Yes,No,Yes,Don't know,Yes,No,Some of them,No,No,Maybe,No,No
32,Male,United States,No,Yes,Yes,Often,26-100,Yes,Yes,Yes,Yes,No,No,Yes,Somewhat difficult,No,No,Some of them,Yes,No,No,Yes,No
46,f,United States,No,No,No,X,100-500,Yes,Yes,No,Yes,No,No,Don't know,Don't know,Yes,No,No,No,No,No,No,No
